ID,Split,Sample_ID,problem_id,Prompt,Target
0,eval,0,12,"<пљЬbeginвЦБofвЦБsentenceпљЬ>Lets think step by step and output the final answer within \\boxed{}.<пљЬUserпљЬ>Let $ABCD$ be a convex quadrilateral with $AB = CD = 10$ , $BC = 14$ , and $AD = 2\sqrt{65}$ . Assume that the diagonals of $ABCD$ intersect at point $P$ , and that the sum of the areas of triangles $APB$ and $CPD$ equals the sum of the areas of triangles $BPC$ and $APD$ . Find the area of quadrilateral $ABCD$ .",112
1,eval,1,3,"<пљЬbeginвЦБofвЦБsentenceпљЬ>Lets think step by step and output the final answer within \\boxed{}.<пљЬUserпљЬ>A tennis player computes her win ratio by dividing the number of matches she has won by the total number of matches she has played. At the start of a weekend, her win ratio is exactly $0.500$ . During the weekend, she plays four matches, winning three and losing one. At the end of the weekend, her win ratio is greater than $.503$ . What's the largest number of matches she could've won before the weekend began?",164
2,eval,2,3,<пљЬbeginвЦБofвЦБsentenceпљЬ>Lets think step by step and output the final answer within \\boxed{}.<пљЬUserпљЬ>What is the product of the real roots of the equation $x^2 + 18x + 30 = 2 \sqrt{x^2 + 18x + 45}$ ?,20
3,eval,3,9,"<пљЬbeginвЦБofвЦБsentenceпљЬ>Lets think step by step and output the final answer within \\boxed{}.<пљЬUserпљЬ>In $\triangle ABC$ , $AB= 425$ , $BC=450$ , and $AC=510$ . An interior point $P$ is then drawn, and segments are drawn through $P$ parallel to the sides of the triangle. If these three segments are of an equal length $d$ , find $d$ .",306
4,eval,4,1,<пљЬbeginвЦБofвЦБsentenceпљЬ>Lets think step by step and output the final answer within \\boxed{}.<пљЬUserпљЬ>How many even integers between 4000 and 7000 have four different digits?,728
5,eval,5,15,"<пљЬbeginвЦБofвЦБsentenceпљЬ>Lets think step by step and output the final answer within \\boxed{}.<пљЬUserпљЬ>For all positive integers $x$ , let \[f(x)=\begin{cases}1 &\mbox{if }x = 1\\ \frac x{10} &\mbox{if }x\mbox{ is divisible by 10}\\ x+1 &\mbox{otherwise}\end{cases}\] and define a sequence as follows: $x_1=x$ and $x_{n+1}=f(x_n)$ for all positive integers $n$ . Let $d(x)$ be the smallest $n$ such that $x_n=1$ . (For example, $d(100)=3$ and $d(87)=7$ .) Let $m$ be the number of positive integers $x$ such that $d(x)=20$ . Find the sum of the distinct prime factors of $m$ .",511
6,eval,6,10,"<пљЬbeginвЦБofвЦБsentenceпљЬ>Lets think step by step and output the final answer within \\boxed{}.<пљЬUserпљЬ>Eight spheres of radius 100 are placed on a flat surface so that each sphere is tangent to two others and their centers are the vertices of a regular octagon .  A ninth sphere is placed on the flat surface so that it is tangent to each of the other eight spheres.  The radius of this last sphere is $a +b\sqrt {c},$ where $a, b,$ and $c$ are positive integers , and $c$ is not divisible by the square of any prime .  Find $a + b + c$ .",152
7,eval,7,9,"<пљЬbeginвЦБofвЦБsentenceпљЬ>Lets think step by step and output the final answer within \\boxed{}.<пљЬUserпљЬ>Let $\mathcal{S}$ be the set $\lbrace1,2,3,\ldots,10\rbrace$ Let $n$ be the number of sets of two non-empty disjoint subsets of $\mathcal{S}$ . (Disjoint sets are defined as sets that have no common elements.) Find the remainder obtained when $n$ is divided by $1000$ .",501
8,eval,8,4,<пљЬbeginвЦБofвЦБsentenceпљЬ>Lets think step by step and output the final answer within \\boxed{}.<пљЬUserпљЬ>Find the area of the region enclosed by the graph of $|x-60|+|y|=\left|\frac{x}{4}\right|.$,480
9,eval,9,11,"<пљЬbeginвЦБofвЦБsentenceпљЬ>Lets think step by step and output the final answer within \\boxed{}.<пљЬUserпљЬ>A gardener plants three maple trees, four oaks, and five birch trees in a row. He plants them in random order, each arrangement being equally likely. Let $\frac m n$ in lowest terms be the probability that no two birch trees are next to one another. Find $m+n$ . ",106
10,eval,10,7,"<пљЬbeginвЦБofвЦБsentenceпљЬ>Lets think step by step and output the final answer within \\boxed{}.<пљЬUserпљЬ>Suppose that $x,$ $y,$ and $z$ are three positive numbers that satisfy the equations $xyz = 1,$ $x + \frac {1}{z} = 5,$ and $y + \frac {1}{x} = 29.$ Then $z + \frac {1}{y} = \frac {m}{n},$ where $m$ and $n$ are relatively prime positive integers. Find $m + n$ .",5
11,eval,11,13,"<пљЬbeginвЦБofвЦБsentenceпљЬ>Lets think step by step and output the final answer within \\boxed{}.<пљЬUserпљЬ>If $\{a_1,a_2,a_3,\ldots,a_n\}$ is a set of real numbers , indexed so that $a_1 < a_2 < a_3 < \cdots < a_n,$ its complex power sum is defined to be $a_1i + a_2i^2+ a_3i^3 + \cdots + a_ni^n,$ where $i^2 = - 1.$ Let $S_n$ be the sum of the complex power sums of all nonempty subsets of $\{1,2,\ldots,n\}.$ Given that $S_8 = - 176 - 64i$ and $S_9 = p + qi,$ where $p$ and $q$ are integers, find $|p| + |q|.$",368
12,eval,12,9,<пљЬbeginвЦБofвЦБsentenceпљЬ>Lets think step by step and output the final answer within \\boxed{}.<пљЬUserпљЬ>For how many positive integers $n$ less than or equal to 1000 is $(\sin t + i \cos t)^n = \sin nt + i \cos nt$ true for all real $t$ ?,250
13,eval,13,2,"<пљЬbeginвЦБofвЦБsentenceпљЬ>Lets think step by step and output the final answer within \\boxed{}.<пљЬUserпљЬ>Jenn randomly chooses a number $J$ from $1, 2, 3,\ldots, 19, 20$ . Bela then randomly chooses a number $B$ from $1, 2, 3,\ldots, 19, 20$ distinct from $J$ . The value of $B - J$ is at least $2$ with a probability that can be expressed in the form $\tfrac{m}{n}$ , where $m$ and $n$ are relatively prime positive integers. Find $m+n$ .",29
14,eval,14,2,"<пљЬbeginвЦБofвЦБsentenceпљЬ>Lets think step by step and output the final answer within \\boxed{}.<пљЬUserпљЬ>Let $a_{0} = 2$ , $a_{1} = 5$ , and $a_{2} = 8$ , and for $n > 2$ define $a_{n}$ recursively to be the remainder when $4(a_{n-1} + a_{n-2} + a_{n-3})$ is divided by $11$ . Find $a_{2018} \cdot a_{2020} \cdot a_{2022}$ .",112
15,eval,15,9,"<пљЬbeginвЦБofвЦБsentenceпљЬ>Lets think step by step and output the final answer within \\boxed{}.<пљЬUserпљЬ>Let $(a,b,c)$ be a real solution of the system of equations $x^3 - xyz = 2$ , $y^3 - xyz = 6$ , $z^3 - xyz = 20$ . The greatest possible value of $a^3 + b^3 + c^3$ can be written in the form $\frac {m}{n}$ , where $m$ and $n$ are relatively prime positive integers. Find $m + n$ .",158
16,eval,16,12,"<пљЬbeginвЦБofвЦБsentenceпљЬ>Lets think step by step and output the final answer within \\boxed{}.<пљЬUserпљЬ>A basketball player has a constant probability of $.4$ of making any given shot, independent of previous shots. Let $a_n$ be the ratio of shots made to shots attempted after $n$ shots. The probability that $a_{10}=.4$ and $a_n\le.4$ for all $n$ such that $1\le n\le9$ is given to be $p^aq^br/\left(s^c\right)$ where $p$ , $q$ , $r$ , and $s$ are primes, and $a$ , $b$ , and $c$ are positive integers. Find $\left(p+q+r+s\right)\left(a+b+c\right)$ .",660
17,eval,17,13,<пљЬbeginвЦБofвЦБsentenceпљЬ>Lets think step by step and output the final answer within \\boxed{}.<пљЬUserпљЬ>Find $a$ if $a$ and $b$ are integers such that $x^2 - x - 1$ is a factor of $ax^{17} + bx^{16} + 1$ .,987
18,eval,18,14,<пљЬbeginвЦБofвЦБsentenceпљЬ>Lets think step by step and output the final answer within \\boxed{}.<пљЬUserпљЬ>Let $S_n$ be the sum of the reciprocals of the non-zero digits of the integers from $1$ to $10^n$ inclusive. Find the smallest positive integer $n$ for which $S_n$ is an integer.,63
19,eval,19,5,<пљЬbeginвЦБofвЦБsentenceпљЬ>Lets think step by step and output the final answer within \\boxed{}.<пљЬUserпљЬ>Twenty distinct points are marked on a circle and labeled $1$ through $20$ in clockwise order. A line segment is drawn between every pair of points whose labels differ by a prime number. Find the number of triangles formed whose vertices are among the original $20$ points.,72
20,eval,20,1,<пљЬbeginвЦБofвЦБsentenceпљЬ>Lets think step by step and output the final answer within \\boxed{}.<пљЬUserпљЬ>Compute $\sqrt{(31)(30)(29)(28)+1}$ .,869
21,eval,21,6,"<пљЬbeginвЦБofвЦБsentenceпљЬ>Lets think step by step and output the final answer within \\boxed{}.<пљЬUserпљЬ>In triangle $ABC,$ $AB = 13,$ $BC = 14,$ $AC = 15,$ and point $G$ is the intersection of the medians. Points $A',$ $B',$ and $C',$ are the images of $A,$ $B,$ and $C,$ respectively, after a $180^\circ$ rotation about $G.$ What is the area of the union of the two regions enclosed by the triangles $ABC$ and $A'B'C'?$",112
22,eval,22,13,"<пљЬbeginвЦБofвЦБsentenceпљЬ>Lets think step by step and output the final answer within \\boxed{}.<пљЬUserпљЬ>Let $ABCDE$ be a convex pentagon with $AB || CE, BC || AD, AC || DE, \angle ABC=120^\circ, AB=3, BC=5,$ and $DE = 15.$ Given that the ratio between the area of triangle $ABC$ and the area of triangle $EBD$ is $m/n,$ where $m$ and $n$ are relatively prime positive integers, find $m+n.$",484
23,eval,23,4,"<пљЬbeginвЦБofвЦБsentenceпљЬ>Lets think step by step and output the final answer within \\boxed{}.<пљЬUserпљЬ>Three planets orbit a star circularly in the same plane.  Each moves in the same direction and moves at constant speed.  Their periods are $60$ , $84$ , and $140$ years.  The three planets and the star are currently collinear.  What is the fewest number of years from now that they will all be collinear again?",105
24,eval,24,2,"<пљЬbeginвЦБofвЦБsentenceпљЬ>Lets think step by step and output the final answer within \\boxed{}.<пљЬUserпљЬ>In a new school, $40$ percent of the students are freshmen, $30$ percent are sophomores, $20$ percent are juniors, and $10$ percent are seniors. All freshmen are required to take Latin, and $80$ percent of sophomores, $50$ percent of the juniors, and $20$ percent of the seniors elect to take Latin. The probability that a randomly chosen Latin student is a sophomore is $\frac{m}{n}$ , where $m$ and $n$ are relatively prime positive integers. Find $m+n$ .",25
25,eval,25,7,"<пљЬbeginвЦБofвЦБsentenceпљЬ>Lets think step by step and output the final answer within \\boxed{}.<пљЬUserпљЬ>A triangle has vertices $P_{}^{}=(-8,5)$ , $Q_{}^{}=(-15,-19)$ , and $R_{}^{}=(1,-7)$ . The equation of the bisector of $\angle P$ can be written in the form $ax+2y+c=0_{}^{}$ . Find $a+c_{}^{}$ .",89
26,eval,26,13,"<пљЬbeginвЦБofвЦБsentenceпљЬ>Lets think step by step and output the final answer within \\boxed{}.<пљЬUserпљЬ>Point $D$ lies on side $\overline{BC}$ of $\triangle ABC$ so that $\overline{AD}$ bisects $\angle BAC.$ The perpendicular bisector of $\overline{AD}$ intersects the bisectors of $\angle ABC$ and $\angle ACB$ in points $E$ and $F,$ respectively. Given that $AB=4,BC=5,$ and $CA=6,$ the area of $\triangle AEF$ can be written as $\tfrac{m\sqrt{n}}p,$ where $m$ and $p$ are relatively prime positive integers, and $n$ is a positive integer not divisible by the square of any prime. Find $m+n+p$ .",36
27,eval,27,7,"<пљЬbeginвЦБofвЦБsentenceпљЬ>Lets think step by step and output the final answer within \\boxed{}.<пљЬUserпљЬ>Two squares of a $7\times 7$ checkerboard are painted yellow, and the rest are painted green. Two color schemes are equivalent if one can be obtained from the other by applying a rotation in the plane board. How many inequivalent color schemes are possible?",300
28,eval,28,2,"<пљЬbeginвЦБofвЦБsentenceпљЬ>Lets think step by step and output the final answer within \\boxed{}.<пљЬUserпљЬ>Azar, Carl, Jon, and Sergey are the four players left in a singles tennis tournament. They are randomly assigned opponents in the semifinal matches, and the winners of those matches play each other in the final match to determine the winner of the tournament. When Azar plays Carl, Azar will win the match with probability $\frac23$ . When either Azar or Carl plays either Jon or Sergey, Azar or Carl will win the match with probability $\frac34$ . Assume that outcomes of different matches are independent. The probability that Carl will win the tournament is $\frac{p}{q}$ , where $p$ and $q$ are relatively prime positive integers. Find $p+q$ .",125
29,eval,29,10,"<пљЬbeginвЦБofвЦБsentenceпљЬ>Lets think step by step and output the final answer within \\boxed{}.<пљЬUserпљЬ>Let $S$ be the set of integers between 1 and $2^{40}$ whose binary expansions have exactly two 1's. If a number is chosen at random from $S,$ the probability that it is divisible by 9 is $p/q,$ where $p$ and $q$ are relatively prime positive integers. Find $p+q.$",913
30,eval,30,6,"<пљЬbeginвЦБofвЦБsentenceпљЬ>Lets think step by step and output the final answer within \\boxed{}.<пљЬUserпљЬ>Three clever monkeys divide a pile of bananas. The first monkey takes some bananas from the pile, keeps three-fourths of them, and divides the rest equally between the other two. The second monkey takes some bananas from the pile, keeps one-fourth of them, and divides the rest equally between the other two. The third monkey takes the remaining bananas from the pile, keeps one-twelfth of them, and divides the rest equally between the other two. Given that each monkey receives a whole number of bananas whenever the bananas are divided, and the numbers of bananas the first, second, and third monkeys have at the end of the process are in the ratio $3: 2: 1,$ what is the least possible total for the number of bananas?",408
31,eval,31,13,"<пљЬbeginвЦБofвЦБsentenceпљЬ>Lets think step by step and output the final answer within \\boxed{}.<пљЬUserпљЬ>In a sequence of coin tosses, one can keep a record of instances in which a tail is immediately followed by a head, a head is immediately followed by a head, and etc. We denote these by TH, HH, and etc. For example, in the sequence TTTHHTHTTTHHTTH of 15 coin tosses we observe that there are two HH, three HT, four TH, and five TT subsequences. How many different sequences of 15 coin tosses will contain exactly two HH, three HT, four TH, and five TT subsequences?",560
32,eval,32,8,"<пљЬbeginвЦБofвЦБsentenceпљЬ>Lets think step by step and output the final answer within \\boxed{}.<пљЬUserпљЬ>For positive integer $n$ , let $s(n)$ denote the sum of the digits of $n$ .  Find the smallest positive integer satisfying $s(n) = s(n+864) = 20$ .",695
33,eval,33,2,"<пљЬbeginвЦБofвЦБsentenceпљЬ>Lets think step by step and output the final answer within \\boxed{}.<пљЬUserпљЬ>For each real number $x$ , let $\lfloor x \rfloor$ denote the greatest integer that does not exceed $x$ . For how many positive integers $n$ is it true that $n<1000$ and that $\lfloor \log_{2} n \rfloor$ is a positive even integer?",340
34,eval,34,3,"<пљЬbeginвЦБofвЦБsentenceпљЬ>Lets think step by step and output the final answer within \\boxed{}.<пљЬUserпљЬ>At a certain university, the division of mathematical sciences consists of the departments of mathematics, statistics, and computer science. There are two male and two female professors in each department. A committee of six professors is to contain three men and three women and must also contain two professors from each of the three departments. Find the number of possible committees that can be formed subject to these requirements. ",88
35,eval,35,11,"<пљЬbeginвЦБofвЦБsentenceпљЬ>Lets think step by step and output the final answer within \\boxed{}.<пљЬUserпљЬ>A right circular cone has a base with radius 600 and height $200\sqrt{7}.$ A fly starts at a point on the surface of the cone whose distance from the vertex of the cone is 125, and crawls along the surface of the cone to a point on the exact opposite side of the cone whose distance from the vertex is $375\sqrt{2}.$ Find the least distance that the fly could have crawled.",625
36,eval,36,3,<пљЬbeginвЦБofвЦБsentenceпљЬ>Lets think step by step and output the final answer within \\boxed{}.<пљЬUserпљЬ>A block of cheese in the shape of a rectangular solid measures $10$ cm by $13$ cm by $14$ cm. Ten slices are cut from the cheese. Each slice has a width of $1$ cm and is cut parallel to one face of the cheese. The individual slices are not necessarily parallel to each other. What is the maximum possible volume in cubic cm of the remaining block of cheese after ten slices have been cut off?,729
37,eval,37,9,"<пљЬbeginвЦБofвЦБsentenceпљЬ>Lets think step by step and output the final answer within \\boxed{}.<пљЬUserпљЬ>Rectangle $ABCD$ is given with $AB=63$ and $BC=448.$ Points $E$ and $F$ lie on $AD$ and $BC$ respectively, such that $AE=CF=84.$ The inscribed circle of triangle $BEF$ is tangent to $EF$ at point $P,$ and the inscribed circle of triangle $DEF$ is tangent to $EF$ at point $Q.$ Find $PQ.$",259
38,eval,38,10,"<пљЬbeginвЦБofвЦБsentenceпљЬ>Lets think step by step and output the final answer within \\boxed{}.<пљЬUserпљЬ>Ten points in the plane are given, with no three collinear.  Four distinct segments joining pairs of these points are chosen at random, all such segments being equally likely.  The probability that some three of the segments form a triangle whose vertices are among the ten given points is $m/n,$ where $m_{}$ and $n_{}$ are relatively prime positive integers.  Find $m+n.$ ",489
39,eval,39,12,"<пљЬbeginвЦБofвЦБsentenceпљЬ>Lets think step by step and output the final answer within \\boxed{}.<пљЬUserпљЬ>Let $\triangle ABC$ be an equilateral triangle with side length $55.$ Points $D,$ $E,$ and $F$ lie on $\overline{BC},$ $\overline{CA},$ and $\overline{AB},$ respectively, with $BD = 7,$ $CE=30,$ and $AF=40.$ Point $P$ inside $\triangle ABC$ has the property that \[\angle AEP = \angle BFP = \angle CDP.\] Find $\tan^2(\angle AEP).$",75
40,eval,40,1,"<пљЬbeginвЦБofвЦБsentenceпљЬ>Lets think step by step and output the final answer within \\boxed{}.<пљЬUserпљЬ>A game uses a deck of $n$ different cards, where $n$ is an integer and $n \geq 6.$ The number of possible sets of 6 cards that can be drawn from the deck is 6 times the number of possible sets of 3 cards that can be drawn. Find $n.$",13
41,eval,41,2,"<пљЬbeginвЦБofвЦБsentenceпљЬ>Lets think step by step and output the final answer within \\boxed{}.<пљЬUserпљЬ>Find the number of ordered triples $(a,b,c)$ where $a$ , $b$ , and $c$ are positive integers , $a$ is a factor of $b$ , $a$ is a factor of $c$ , and $a+b+c=100$ .",200
42,eval,42,2,"<пљЬbeginвЦБofвЦБsentenceпљЬ>Lets think step by step and output the final answer within \\boxed{}.<пљЬUserпљЬ>A hotel packed breakfast for each of three guests. Each breakfast should have consisted of three types of rolls, one each of nut, cheese, and fruit rolls. The preparer wrapped each of the nine rolls and once wrapped, the rolls were indistinguishable from one another. She then randomly put three rolls in a bag for each of the guests. Given that the probability each guest got one roll of each type is $\frac mn,$ where $m$ and $n$ are relatively prime integers, find $m+n.$ ",79
43,eval,43,14,"<пљЬbeginвЦБofвЦБsentenceпљЬ>Lets think step by step and output the final answer within \\boxed{}.<пљЬUserпљЬ>Point $P_{}$ is located inside triangle $ABC$ so that angles $PAB, PBC,$ and $PCA$ are all congruent.  The sides of the triangle have lengths $AB=13, BC=14,$ and $CA=15,$ and the tangent of angle $PAB$ is $m/n,$ where $m_{}$ and $n_{}$ are relatively prime positive integers.  Find $m+n.$",463
44,eval,44,14,"<пљЬbeginвЦБofвЦБsentenceпљЬ>Lets think step by step and output the final answer within \\boxed{}.<пљЬUserпљЬ>In triangle $ABC^{}_{}$ , $A'$ , $B'$ , and $C'$ are on the sides $BC$ , $AC^{}_{}$ , and $AB^{}_{}$ , respectively. Given that $AA'$ , $BB'$ , and $CC'$ are concurrent at the point $O^{}_{}$ , and that $\frac{AO^{}_{}}{OA'}+\frac{BO}{OB'}+\frac{CO}{OC'}=92$ , find $\frac{AO}{OA'}\cdot \frac{BO}{OB'}\cdot \frac{CO}{OC'}$ .",94
45,eval,45,13,"<пљЬbeginвЦБofвЦБsentenceпљЬ>Lets think step by step and output the final answer within \\boxed{}.<пљЬUserпљЬ>In quadrilateral $ABCD$ , $\angle{BAD}\cong\angle{ADC}$ and $\angle{ABD}\cong\angle{BCD}$ , $AB = 8$ , $BD = 10$ , and $BC = 6$ . The length $CD$ may be written in the form $\frac {m}{n}$ , where $m$ and $n$ are relatively prime positive integers. Find $m + n$ .",69
46,eval,46,5,"<пљЬbeginвЦБofвЦБsentenceпљЬ>Lets think step by step and output the final answer within \\boxed{}.<пљЬUserпљЬ>Let $B$ be the set of all binary integers that can be written using exactly $5$ zeros and $8$ ones where leading zeros are allowed. If all possible subtractions are performed in which one element of $B$ is subtracted from another, find the number of times the answer $1$ is obtained.",330
47,eval,47,8,"<пљЬbeginвЦБofвЦБsentenceпљЬ>Lets think step by step and output the final answer within \\boxed{}.<пљЬUserпљЬ>Hexagon $ABCDEF$ is divided into five rhombuses, $P, Q, R, S,$ and $T$ , as shown. Rhombuses $P, Q, R,$ and $S$ are congruent, and each has area $\sqrt{2006}.$ Let $K$ be the area of rhombus $T$ . Given that $K$ is a positive integer, find the number of possible values for $K.$ [asy] // TheMathGuyd size(8cm); pair A=(0,0), B=(4.2,0), C=(5.85,-1.6), D=(4.2,-3.2), EE=(0,-3.2), F=(-1.65,-1.6), G=(0.45,-1.6), H=(3.75,-1.6), I=(2.1,0), J=(2.1,-3.2), K=(2.1,-1.6); draw(A--B--C--D--EE--F--cycle); draw(F--G--(2.1,0)); draw(C--H--(2.1,0)); draw(G--(2.1,-3.2)); draw(H--(2.1,-3.2)); label(""$\mathcal{T}$"",(2.1,-1.6)); label(""$\mathcal{P}$"",(0,-1),NE); label(""$\mathcal{Q}$"",(4.2,-1),NW); label(""$\mathcal{R}$"",(0,-2.2),SE); label(""$\mathcal{S}$"",(4.2,-2.2),SW); [/asy]",89
48,eval,48,5,"<пљЬbeginвЦБofвЦБsentenceпљЬ>Lets think step by step and output the final answer within \\boxed{}.<пљЬUserпљЬ>A set contains four numbers. The six pairwise sums of distinct elements of the set, in no particular order, are $189$ , $320$ , $287$ , $234$ , $x$ , and $y$ . Find the greatest possible value of $x+y$ .",791
49,eval,49,3,"<пљЬbeginвЦБofвЦБsentenceпљЬ>Lets think step by step and output the final answer within \\boxed{}.<пљЬUserпљЬ>Let $L$ be the line with slope $\frac{5}{12}$ that contains the point $A = (24,-1)$ , and let $M$ be the line perpendicular to line $L$ that contains the point $B = (5,6)$ .  The original coordinate axes are erased, and line $L$ is made the $x$ -axis and line $M$ the $y$ -axis.  In the new coordinate system, point $A$ is on the positive $x$ -axis, and point $B$ is on the positive $y$ -axis.  The point $P$ with coordinates $(-14,27)$ in the original system has coordinates $(\alpha,\beta)$ in the new coordinate system.  Find $\alpha + \beta$ .",31
50,eval,50,8,"<пљЬbeginвЦБofвЦБsentenceпљЬ>Lets think step by step and output the final answer within \\boxed{}.<пљЬUserпљЬ>A container in the shape of a right circular cone is 12 inches tall and its base has a 5-inch radius. The liquid that is sealed inside is 9 inches deep when the cone is held with its point down and its base horizontal. When the liquid is held with its point up and its base horizontal, the height of the liquid is $m - n\sqrt [3]{p},$ where $m,$ $n,$ and $p$ are positive integers and $p$ is not divisible by the cube of any prime number. Find $m + n + p$ .",52
51,eval,51,1,"<пљЬbeginвЦБofвЦБsentenceпљЬ>Lets think step by step and output the final answer within \\boxed{}.<пљЬUserпљЬ>Square $S_{1}$ is $1\times 1.$ For $i\ge 1,$ the lengths of the sides of square $S_{i+1}$ are half the lengths of the sides of square $S_{i},$ two adjacent sides of square $S_{i}$ are perpendicular bisectors of two adjacent sides of square $S_{i+1},$ and the other two sides of square $S_{i+1},$ are the perpendicular bisectors of two adjacent sides of square $S_{i+2}.$ The total area enclosed by at least one of $S_{1}, S_{2}, S_{3}, S_{4}, S_{5}$ can be written in the form $m/n,$ where $m$ and $n$ are relatively prime positive integers.  Find $m-n.$ AIME 1995 Problem 1.png",255
52,eval,52,13,"<пљЬbeginвЦБofвЦБsentenceпљЬ>Lets think step by step and output the final answer within \\boxed{}.<пљЬUserпљЬ>Let $T = \{9^k¬†: k ~ \mbox{is an integer}, 0 \le k \le 4000\}$ .  Given that $9^{4000}_{}$ has 3817 digits and that its first (leftmost) digit is 9, how many elements of $T_{}^{}$ have 9 as their leftmost digit?",184
53,eval,53,8,<пљЬbeginвЦБofвЦБsentenceпљЬ>Lets think step by step and output the final answer within \\boxed{}.<пљЬUserпљЬ>What is the largest $2$ -digit prime factor of the integer $n = {200\choose 100}$ ?,61
54,eval,54,10,<пљЬbeginвЦБofвЦБsentenceпљЬ>Lets think step by step and output the final answer within \\boxed{}.<пљЬUserпљЬ>Find the remainder when \[\binom{\binom{3}{2}}{2} + \binom{\binom{4}{2}}{2} + \dots +  \binom{\binom{40}{2}}{2}\] is divided by $1000$ .,4
55,eval,55,15,"<пљЬbeginвЦБofвЦБsentenceпљЬ>Lets think step by step and output the final answer within \\boxed{}.<пљЬUserпљЬ>Given a point $P^{}_{}$ on a triangular piece of paper $ABC,\,$ consider the creases that are formed in the paper when $A, B,\,$ and $C\,$ are folded onto $P.\,$ Let us call $P_{}^{}$ a fold point of $\triangle ABC\,$ if these creases, which number three unless $P^{}_{}$ is one of the vertices, do not intersect.  Suppose that $AB=36, AC=72,\,$ and $\angle B=90^\circ.\,$ Then the area of the set of all fold points of $\triangle ABC\,$ can be written in the form $q\pi-r\sqrt{s},\,$ where $q, r,\,$ and $s\,$ are positive integers and $s\,$ is not divisible by the square of any prime.  What is $q+r+s\,$ ?",597
56,eval,56,8,"<пљЬbeginвЦБofвЦБsentenceпљЬ>Lets think step by step and output the final answer within \\boxed{}.<пљЬUserпљЬ>The sum of the following seven numbers is exactly 19: $a_1 = 2.56$ , $a_2 = 2.61$ , $a_3 = 2.65$ , $a_4 = 2.71$ , $a_5 = 2.79$ , $a_6 = 2.82$ , $a_7 = 2.86$ . It is desired to replace each $a_i$ by an integer approximation $A_i$ , $1\le i \le 7$ , so that the sum of the $A_i$ 's is also $19$ and so that $M$ , the maximum of the ""errors"" $\lvert A_i-a_i \rvert$ , is as small as possible. For this minimum $M$ , what is $100M$ ?",61
57,eval,57,5,"<пљЬbeginвЦБofвЦБsentenceпљЬ>Lets think step by step and output the final answer within \\boxed{}.<пљЬUserпљЬ>The number $\sqrt{104\sqrt{6}+468\sqrt{10}+144\sqrt{15}+2006}$ can be written as $a\sqrt{2}+b\sqrt{3}+c\sqrt{5},$ where $a, b,$ and $c$ are positive integers. Find $abc.$",936
58,eval,58,10,"<пљЬbeginвЦБofвЦБsentenceпљЬ>Lets think step by step and output the final answer within \\boxed{}.<пљЬUserпљЬ>In triangle $ABC,\,$ angle $C$ is a right angle and the altitude from $C\,$ meets $\overline{AB}\,$ at $D.\,$ The lengths of the sides of $\triangle ABC\,$ are integers, $BD=29^3,\,$ and $\cos B=m/n\,$ , where $m\,$ and $n\,$ are relatively prime positive integers.  Find $m+n.\,$",450
59,eval,59,5,"<пљЬbeginвЦБofвЦБsentenceпљЬ>Lets think step by step and output the final answer within \\boxed{}.<пљЬUserпљЬ>The real root of the equation $8x^3-3x^2-3x-1=0$ can be written in the form $\frac{\sqrt[3]{a}+\sqrt[3]{b}+1}{c}$ , where $a$ , $b$ , and $c$ are positive integers. Find $a+b+c$ .",98
60,eval,60,2,<пљЬbeginвЦБofвЦБsentenceпљЬ>Lets think step by step and output the final answer within \\boxed{}.<пљЬUserпљЬ>Ten points are marked on a circle. How many distinct convex polygons of three or more sides can be drawn using some (or all) of the ten points as vertices? ,968
61,eval,61,9,"<пљЬbeginвЦБofвЦБsentenceпљЬ>Lets think step by step and output the final answer within \\boxed{}.<пљЬUserпљЬ>A $7\times 1$ board is completely covered by $m\times 1$ tiles without overlap; each tile may cover any number of consecutive squares, and each tile lies completely on the board. Each tile is either red, blue, or green. Let $N$ be the number of tilings of the $7\times 1$ board in which all three colors are used at least once. For example, a $1\times 1$ red tile followed by a $2\times 1$ green tile, a $1\times 1$ green tile, a $2\times 1$ blue tile, and a $1\times 1$ green tile is a valid tiling. Note that if the $2\times 1$ blue tile is replaced by two $1\times 1$ blue tiles, this results in a different tiling. Find the remainder when $N$ is divided by $1000$ .",106
62,eval,62,8,"<пљЬbeginвЦБofвЦБsentenceпљЬ>Lets think step by step and output the final answer within \\boxed{}.<пљЬUserпљЬ>The equation $2^{333x-2} + 2^{111x+2} = 2^{222x+1} + 1$ has three real roots. Given that their sum is $\frac mn$ where $m$ and $n$ are relatively prime positive integers, find $m+n.$",113
63,eval,63,6,"<пљЬbeginвЦБofвЦБsentenceпљЬ>Lets think step by step and output the final answer within \\boxed{}.<пљЬUserпљЬ>The sequence $\{a_n\}$ is defined by \[a_0 = 1,a_1 = 1, \text{ and } a_n = a_{n - 1} + \frac {a_{n - 1}^2}{a_{n - 2}}\text{ for }n\ge2.\] The sequence $\{b_n\}$ is defined by \[b_0 = 1,b_1 = 3, \text{ and } b_n = b_{n - 1} + \frac {b_{n - 1}^2}{b_{n - 2}}\text{ for }n\ge2.\] Find $\frac {b_{32}}{a_{32}}$ .",561
64,eval,64,14,"<пљЬbeginвЦБofвЦБsentenceпљЬ>Lets think step by step and output the final answer within \\boxed{}.<пљЬUserпљЬ>The perimeter of triangle $APM$ is $152$ , and the angle $PAM$ is a right angle. A circle of radius $19$ with center $O$ on $\overline{AP}$ is drawn so that it is tangent to $\overline{AM}$ and $\overline{PM}$ . Given that $OP=m/n$ where $m$ and $n$ are relatively prime positive integers, find $m+n$ .",98
65,eval,65,6,"<пљЬbeginвЦБofвЦБsentenceпљЬ>Lets think step by step and output the final answer within \\boxed{}.<пљЬUserпљЬ>Let $ABCD$ be a parallelogram .  Extend $\overline{DA}$ through $A$ to a point $P,$ and let $\overline{PC}$ meet $\overline{AB}$ at $Q$ and $\overline{DB}$ at $R.$ Given that $PQ = 735$ and $QR = 112,$ find $RC.$",308
66,eval,66,10,"<пљЬbeginвЦБofвЦБsentenceпљЬ>Lets think step by step and output the final answer within \\boxed{}.<пљЬUserпљЬ>How many of the first $1000$ positive integers can be expressed in the form $\lfloor 2x \rfloor + \lfloor 4x \rfloor + \lfloor 6x \rfloor + \lfloor 8x \rfloor$ , where $x$ is a real number, and $\lfloor z \rfloor$ denotes the greatest integer less than or equal to $z$ ?",600
67,eval,67,4,"<пљЬbeginвЦБofвЦБsentenceпљЬ>Lets think step by step and output the final answer within \\boxed{}.<пљЬUserпљЬ>Jackie and Phil have two fair coins and a third coin that comes up heads with probability $\frac47$ . Jackie flips the three coins, and then Phil flips the three coins. Let $\frac {m}{n}$ be the probability that Jackie gets the same number of heads as Phil, where $m$ and $n$ are relatively prime positive integers. Find $m + n$ .",515
68,eval,68,5,"<пљЬbeginвЦБofвЦБsentenceпљЬ>Lets think step by step and output the final answer within \\boxed{}.<пљЬUserпљЬ>For positive real numbers $s$ , let $\tau(s)$ denote the set of all obtuse triangles that have area $s$ and two sides with lengths $4$ and $10$ . The set of all $s$ for which $\tau(s)$ is nonempty, but all triangles in $\tau(s)$ are congruent, is an interval $[a,b)$ . Find $a^2+b^2$ .",736
69,eval,69,10,<пљЬbeginвЦБofвЦБsentenceпљЬ>Lets think step by step and output the final answer within \\boxed{}.<пљЬUserпљЬ>The sets $A = \{z¬†: z^{18} = 1\}$ and $B = \{w¬†: w^{48} = 1\}$ are both sets of complex roots of unity.  The set $C = \{zw¬†: z \in A ~ \mbox{and} ~ w \in B\}$ is also a set of complex roots of unity.  How many distinct elements are in $C^{}_{}$ ?,144
70,eval,70,10,"<пљЬbeginвЦБofвЦБsentenceпљЬ>Lets think step by step and output the final answer within \\boxed{}.<пљЬUserпљЬ>A circle with center $O$ has radius 25. Chord $\overline{AB}$ of length 30 and chord $\overline{CD}$ of length 14 intersect at point $P$ . The distance between the midpoints of the two chords is 12. The quantity $OP^2$ can be represented as $\frac{m}{n}$ , where $m$ and $n$ are relatively prime positive integers. Find the remainder when $m + n$ is divided by 1000.",57
71,eval,71,12,"<пљЬbeginвЦБofвЦБsentenceпљЬ>Lets think step by step and output the final answer within \\boxed{}.<пљЬUserпљЬ>The points $A$ , $B$ and $C$ lie on the surface of a sphere with center $O$ and radius $20$ . It is given that $AB=13$ , $BC=14$ , $CA=15$ , and that the distance from $O$ to triangle $ABC$ is $\frac{m\sqrt{n}}k$ , where $m$ , $n$ , and $k$ are positive integers, $m$ and $k$ are relatively prime, and $n$ is not divisible by the square of any prime. Find $m+n+k$ .",118
72,eval,72,9,"<пљЬbeginвЦБofвЦБsentenceпљЬ>Lets think step by step and output the final answer within \\boxed{}.<пљЬUserпљЬ>Find the number of ordered pairs $(m, n)$ such that $m$ and $n$ are positive integers in the set $\{1, 2, ..., 30\}$ and the greatest common divisor of $2^m + 1$ and $2^n - 1$ is not $1$ .",295
73,eval,73,9,"<пљЬbeginвЦБofвЦБsentenceпљЬ>Lets think step by step and output the final answer within \\boxed{}.<пљЬUserпљЬ>Harold, Tanya, and Ulysses paint a very long picket fence. Harold starts with the first picket and paints every $h$ th picket; Tanya starts with the second picket and paints every $t$ th picket; and Ulysses starts with the third picket and paints every $u$ th picket. Call the positive integer $100h+10t+u$ $\textit{paintable}$ when the triple $(h,t,u)$ of positive integers results in every picket being painted exactly once. Find the sum of all the paintable integers.",757
74,eval,74,1,"<пљЬbeginвЦБofвЦБsentenceпљЬ>Lets think step by step and output the final answer within \\boxed{}.<пљЬUserпљЬ>Initially Alex, Betty, and Charlie had a total of $444$ peanuts. Charlie had the most peanuts, and Alex had the least. The three numbers of peanuts that each person had formed a geometric progression. Alex eats $5$ of his peanuts, Betty eats $9$ of her peanuts, and Charlie eats $25$ of his peanuts. Now the three numbers of peanuts each person has forms an arithmetic progression. Find the number of peanuts Alex had initially.",108
75,eval,75,4,<пљЬbeginвЦБofвЦБsentenceпљЬ>Lets think step by step and output the final answer within \\boxed{}.<пљЬUserпљЬ>What is the smallest positive integer with six positive odd integer divisors and twelve positive even integer divisors? ,180
76,eval,76,1,"<пљЬbeginвЦБofвЦБsentenceпљЬ>Lets think step by step and output the final answer within \\boxed{}.<пљЬUserпљЬ>The AIME Triathlon consists of a half-mile swim, a 30-mile bicycle ride, and an eight-mile run. Tom swims, bicycles, and runs at constant rates. He runs fives times as fast as he swims, and he bicycles twice as fast as he runs. Tom completes the AIME Triathlon in four and a quarter hours. How many minutes does he spend bicycling?",150
77,eval,77,8,"<пљЬbeginвЦБofвЦБsentenceпљЬ>Lets think step by step and output the final answer within \\boxed{}.<пљЬUserпљЬ>Let $S\,$ be a set with six elements. In how many different ways can one select two not necessarily distinct subsets of $S\,$ so that the union of the two subsets is $S\,$ ?  The order of selection does not matter; for example, the pair of subsets $\{a, c\},\{b, c, d, e, f\}$ represents the same selection as the pair $\{b, c, d, e, f\},\{a, c\}.$ ",365
78,eval,78,14,"<пљЬbeginвЦБofвЦБsentenceпљЬ>Lets think step by step and output the final answer within \\boxed{}.<пљЬUserпљЬ>A beam of light strikes $\overline{BC}\,$ at point $C\,$ with angle of incidence $\alpha=19.94^\circ\,$ and reflects with an equal angle of reflection as shown.  The light beam continues its path, reflecting off line segments $\overline{AB}\,$ and $\overline{BC}\,$ according to the rule: angle of incidence equals angle of reflection.  Given that $\beta=\alpha/10=1.994^\circ\,$ and $AB=BC,\,$ determine the number of times the light beam will bounce off the two line segments.  Include the first reflection at $C\,$ in your count. AIME 1994 Problem 14.png",71
79,eval,79,3,"<пљЬbeginвЦБofвЦБsentenceпљЬ>Lets think step by step and output the final answer within \\boxed{}.<пљЬUserпљЬ>A large candle is $119$ centimeters tall.  It is designed to burn down more quickly when it is first lit and more slowly as it approaches its bottom.  Specifically, the candle takes $10$ seconds to burn down the first centimeter from the top, $20$ seconds to burn down the second centimeter, and $10k$ seconds to burn down the $k$ -th centimeter.  Suppose it takes $T$ seconds for the candle to burn down completely.  Then $\tfrac{T}{2}$ seconds after it is lit, the candle's height in centimeters will be $h$ .  Find $10h$ .",350
80,eval,80,3,"<пљЬbeginвЦБofвЦБsentenceпљЬ>Lets think step by step and output the final answer within \\boxed{}.<пљЬUserпљЬ>Nine people sit down for dinner where there are three choices of meals. Three people order the beef meal, three order the chicken meal, and three order the fish meal. The waiter serves the nine meals in random order. Find the number of ways in which the waiter could serve the meal types to the nine people so that exactly one person receives the type of meal ordered by that person. ",216
81,eval,81,2,"<пљЬbeginвЦБofвЦБsentenceпљЬ>Lets think step by step and output the final answer within \\boxed{}.<пљЬUserпљЬ>Let $N$ be the greatest integer multiple of 8, whose digits are all different. What is the remainder when $N$ is divided by 1000?",120
82,eval,82,2,"<пљЬbeginвЦБofвЦБsentenceпљЬ>Lets think step by step and output the final answer within \\boxed{}.<пљЬUserпљЬ>There is a unique positive real number $x$ such that the three numbers $\log_8(2x),\log_4x,$ and $\log_2x,$ in that order, form a geometric progression with positive common ratio. The number $x$ can be written as $\tfrac{m}{n},$ where $m$ and $n$ are relatively prime positive integers. Find $m+n.$",17
83,eval,83,4,"<пљЬbeginвЦБofвЦБsentenceпљЬ>Lets think step by step and output the final answer within \\boxed{}.<пљЬUserпљЬ>Let $x,y$ and $z$ be positive real numbers that satisfy the following system of equations: \[\log_2\left({x \over yz}\right) = {1 \over 2}\] \[\log_2\left({y \over xz}\right) = {1 \over 3}\] \[\log_2\left({z \over xy}\right) = {1 \over 4}\] Then the value of $\left|\log_2(x^4y^3z^2)\right|$ is $\tfrac{m}{n}$ where $m$ and $n$ are relatively prime positive integers. Find $m+n$ .",33
84,eval,84,14,"<пљЬbeginвЦБofвЦБsentenceпљЬ>Lets think step by step and output the final answer within \\boxed{}.<пљЬUserпљЬ>For $\pi \le \theta < 2\pi$ , let \[P=\dfrac12\cos\theta-\dfrac14\sin2\theta-\dfrac18\cos3\theta+\dfrac1{16}\sin4\theta+\dfrac1{32}\cos5\theta-\dfrac1{64}\sin6\theta-\dfrac1{128}\cos7\theta+\ldots\] and \[Q=1-\dfrac12\sin\theta-\dfrac14\cos2\theta+\dfrac1{8}\sin3\theta+\dfrac1{16}\cos4\theta-\dfrac1{32}\sin5\theta-\dfrac1{64}\cos6\theta+\dfrac1{128}\sin7\theta +\ldots\] so that $\frac{P}{Q} = \frac{2\sqrt2}{7}$ . Then $\sin\theta = -\frac{m}{n}$ where $m$ and $n$ are relatively prime positive integers. Find $m+n$ .",36
85,eval,85,2,"<пљЬbeginвЦБofвЦБsentenceпљЬ>Lets think step by step and output the final answer within \\boxed{}.<пљЬUserпљЬ>A 100 foot long moving walkway moves at a constant rate of 6 feet per second.  Al steps onto the start of the walkway and stands.  Bob steps onto the start of the walkway two seconds later and strolls forward along the walkway at a constant rate of 4 feet per second.  Two seconds after that, Cy reaches the start of the walkway and walks briskly forward beside the walkway at a constant rate of 8 feet per second.  At a certain time, one of these three persons is exactly halfway between the other two.  At that time, find the distance in feet between the start of the walkway and the middle person.",52
86,eval,86,8,"<пљЬbeginвЦБofвЦБsentenceпљЬ>Lets think step by step and output the final answer within \\boxed{}.<пљЬUserпљЬ>There is an unlimited supply of congruent equilateral triangles made of colored paper. Each triangle is a solid color with the same color on both sides of the paper. A large equilateral triangle is constructed from four of these paper triangles. Two large triangles are considered distinguishable if it is not possible to place one on the other, using translations, rotations, and/or reflections, so that their corresponding small triangles are of the same color. Given that there are six different colors of triangles from which to choose, how many distinguishable large equilateral triangles may be formed? [asy] size(50); pair A,B; A=(0,0); B=(2,0); pair C=rotate(60,A)*B; pair D, E, F; D = (1,0); E=rotate(60,A)*D; F=rotate(60,C)*E; draw(C--A--B--cycle); draw(D--E--F--cycle); [/asy]",336
87,eval,87,15,"<пљЬbeginвЦБofвЦБsentenceпљЬ>Lets think step by step and output the final answer within \\boxed{}.<пљЬUserпљЬ>The sides of rectangle $ABCD$ have lengths $10$ and $11$ . An equilateral triangle is drawn so that no point of the triangle lies outside $ABCD$ . The maximum possible area of such a triangle can be written in the form $p\sqrt{q}-r$ , where $p$ , $q$ , and $r$ are positive integers, and $q$ is not divisible by the square of any prime number. Find $p+q+r$ .",554
88,eval,88,11,"<пљЬbeginвЦБofвЦБsentenceпљЬ>Lets think step by step and output the final answer within \\boxed{}.<пљЬUserпљЬ>Find the number of triples of nonnegative integers $(a, b, c)$ satisfying $a + b + c = 300$ and \[a^2 b + a^2 c + b^2 a + b^2 c + c^2 a + c^2 b = 6,000,000.\]",601
89,eval,89,4,"<пљЬbeginвЦБofвЦБsentenceпљЬ>Lets think step by step and output the final answer within \\boxed{}.<пљЬUserпљЬ>A group of children held a grape-eating contest. When the contest was over, the winner had eaten $n$ grapes, and the child in $k$ -th place had eaten $n+2-2k$ grapes. The total number of grapes eaten in the contest was $2009$ . Find the smallest possible value of $n$ .",89
90,eval,90,15,"<пљЬbeginвЦБofвЦБsentenceпљЬ>Lets think step by step and output the final answer within \\boxed{}.<пљЬUserпљЬ>Let $\overline{CH}$ be an altitude of $\triangle ABC$ . Let $R\,$ and $S\,$ be the points where the circles inscribed in the triangles $ACH\,$ and $BCH^{}_{}$ are tangent to $\overline{CH}$ . If $AB = 1995\,$ , $AC = 1994\,$ , and $BC = 1993\,$ , then $RS\,$ can be expressed as $m/n\,$ , where $m\,$ and $n\,$ are relatively prime integers. Find $m + n\,$ .",997
91,eval,91,9,"<пљЬbeginвЦБofвЦБsentenceпљЬ>Lets think step by step and output the final answer within \\boxed{}.<пљЬUserпљЬ>In right triangle $ABC$ with right angle $C$ , $CA = 30$ and $CB = 16$ .  Its legs $CA$ and $CB$ are extended beyond $A$ and $B$ .  Points $O_1$ and $O_2$ lie in the exterior of the triangle and are the centers of two circles with equal radii.  The circle with center $O_1$ is tangent to the hypotenuse and to the extension of leg $CA$ , the circle with center $O_2$ is tangent to the hypotenuse and to the extension of leg $CB$ , and the circles are externally tangent to each other.  The length of the radius of either circle can be expressed as $p/q$ , where $p$ and $q$ are relatively prime positive integers.  Find $p+q$ .",737
92,eval,92,7,"<пљЬbeginвЦБofвЦБsentenceпљЬ>Lets think step by step and output the final answer within \\boxed{}.<пљЬUserпљЬ>Let $r$ , $s$ , and $t$ be the three roots of the equation \[8x^3 + 1001x + 2008 = 0.\] Find $(r + s)^3 + (s + t)^3 + (t + r)^3$ .",753
93,eval,93,15,"<пљЬbeginвЦБofвЦБsentenceпљЬ>Lets think step by step and output the final answer within \\boxed{}.<пљЬUserпљЬ>A long thin strip of paper is 1024 units in length, 1 unit in width, and is divided into 1024 unit squares. The paper is folded in half repeatedly. For the first fold, the right end of the paper is folded over to coincide with and lie on top of the left end. The result is a 512 by 1 strip of double thickness. Next, the right end of this strip is folded over to coincide with and lie on top of the left end, resulting in a 256 by 1 strip of quadruple thickness. This process is repeated 8 more times. After the last fold, the strip has become a stack of 1024 unit squares. How many of these squares lie below the square that was originally the 942nd square counting from the left?",593
